event_id,home_team,away_team,match_date,score,player_id,player_name,position,shirt_number,is_substitute,is_home,formation,total_pass,accurate_pass,total_long_balls,accurate_long_balls,total_cross,accurate_cross,accurate_own_half_passes,total_own_half_passes,accurate_opposition_half_passes,total_opposition_half_passes,key_pass,goal_assist,expected_assists,total_shots,shot_off_target,on_target_scoring_attempt,blocked_scoring_attempt,goals,big_chance_created,big_chance_missed,expected_goals,expected_goals_on_target,total_contest,won_contest,dispossessed,unsuccessful_touch,duel_won,duel_lost,aerial_won,aerial_lost,challenge_lost,total_tackle,won_tackle,total_clearance,outfielder_block,interception_won,ball_recovery,clearance_off_line,last_man_tackle,error_lead_to_a_shot,error_lead_to_a_goal,fouls,was_fouled,total_offside,saves,saved_shots_from_inside_the_box,good_high_claim,punches,goals_prevented,keeper_save_value,top_speed,kilometers_covered,number_of_sprints,meters_covered_running_km,meters_covered_high_speed_running_km,meters_covered_sprinting_km,total_ball_carries_distance,ball_carries_count,total_progression,best_ball_carry_progression,total_progressive_ball_carries_distance,progressive_ball_carries_count,touches,minutes_played,possession_lost_ctrl,rating,rating_original,rating_alternative,shot_value_normalized,pass_value_normalized,dribble_value_normalized,defensive_value_normalized,goalkeeper_value_normalized,raw
12813008,France,Spain,2026-07-14T19:00:00+00:00,0-2,191210,Mike Maignan,G,16,False,True,4-2-3-1,38,31,11,4,0,0,29,32,2,6,0,0,0.00045122,0,0,0,0,0,0,0,0.0,0.0,0,0,0,0,0,0,0,0,0,0,0,0,0,0,6,0,0,1,0,0,0,0,0,0,0,0,-0.4281,0.0,0.0,0.0,0,0.0,0.0,0.0,48.368375684967,9,17.045760354576,0.0,0.0,0,41,90,7,5.9,5.9,6.1,0.0,0.01,-0.05,-0.31,-0.56,"{'totalPass': 38, 'accuratePass': 31, 'totalLongBalls': 11, 'accurateLongBalls': 4, 'goalAssist': 0, 'accurateOwnHalfPasses': 29, 'totalOwnHalfPasses': 32, 'accurateOppositionHalfPasses': 2, 'totalOppositionHalfPasses': 6, 'ballRecovery': 6, 'errorLeadToAShot': 1, 'penaltyFaced': 1, 'totalKeeperSweeper': 1, 'accurateKeeperSweeper': 1, 'minutesPlayed': 90, 'touches': 41, 'rating': 5.9, 'possessionLostCtrl': 7, 'expectedAssists': 0.00045122, 'totalBallCarriesDistance': 48.368375684967, 'ballCarriesCount': 9, 'totalProgression': 17.045760354576, 'progressiveBallCarriesCount': 0, 'ratingVersions': {'original': 5.9, 'alternative': 6.1}, 'totalShots': 0, 'goalsPrevented': -0.4281, 'passValueNormalized': 0.01, 'dribbleValueNormalized': -0.05, 'defensiveValueNormalized': -0.31, 'goalkeeperValueNormalized': -0.56, 'statisticsType': {'sportSlug': 'football', 'statisticsType': 'player'}}"
12813008,France,Spain,2026-07-14T19:00:00+00:00,0-2,827212,Jules Koundé,D,5,False,True,4-2-3-1,32,24,1,1,3,1,6,10,18,22,0,0,0.0227986,0,0,0,0,0,0,0,0.0,0.0,1,0,0,2,3,3,1,0,0,1,1,1,1,1,2,0,0,0,0,2,1,0,0,0,0,0,0.0,0.0,29.39,10.23,6,1.49,0.52,0.09,82.244799519843,11,41.356780058046,10.641957475551,16.805026658711,1,56,90,14,6.3,6.3,6.7,0.0,0.14,0.03,-0.27,0.0,"{'totalPass': 32, 'accuratePass': 24, 'totalLongBalls': 1, 'accurateLongBalls': 1, 'goalAssist': 0, 'accurateOwnHalfPasses': 6, 'totalOwnHalfPasses': 10, 'accurateOppositionHalfPasses': 18, 'totalOppositionHalfPasses': 22, 'totalCross': 3, 'accurateCross': 1, 'aerialWon': 1, 'duelLost': 3, 'duelWon': 3, 'totalContest': 1, 'totalClearance': 1, 'outfielderBlock': 1, 'interceptionWon': 1, 'ballRecovery': 2, 'totalTackle': 1, 'wonTackle': 1, 'unsuccessfulTouch': 2, 'wasFouled': 1, 'fouls': 2, 'minutesPlayed': 90, 'touches': 56, 'rating': 6.3, 'possessionLostCtrl': 14, 'expectedAssists': 0.0227986, 'topSpeed': 29.39, 'kilometersCovered': 10.23, 'numberOfSprints': 6, 'totalBallCarriesDistance': 82.244799519843, 'ballCarriesCount': 11, 'totalProgression': 41.356780058046, 'bestBallCarryProgression': 10.641957475551, 'totalProgressiveBallCarriesDistance': 16.805026658711, 'progressiveBallCarriesCount': 1, 'ratingVersions': {'original': 6.3, 'alternative': 6.7}, 'totalShots': 0, 'passValueNormalized': 0.14, 'dribbleValueNormalized': 0.03, 'defensiveValueNormalized': -0.27, 'metersCoveredRunningKm': 1.49, 'metersCoveredHighSpeedRunningKm': 0.52, 'metersCoveredSprintingKm': 0.09, 'statisticsType': {'sportSlug': 'football', 'statisticsType': 'player'}}"
12813008,France,Spain,2026-07-14T19:00:00+00:00,0-2,798583,Dayot Upamecano,D,4,False,True,4-2-3-1,54,50,7,5,0,0,35,37,15,17,0,0,0.0097869,0,0,0,0,0,0,0,0.0,0.0,1,0,0,2,2,5,1,3,1,0,0,4,1,1,7,0,0,1,0,0,1,0,0,0,0,0,0.0,0.0,29.34,9.86,11,1.13,0.39,0.11,84.299440143503,12,19.009849468045,21.171388279822,26.119121348162,1,67,90,8,6.5,6.5,6.4,0.0,0.08,0.06,-0.14,0.0,"{'totalPass': 54, 'accuratePass': 50, 'totalLongBalls': 7, 'accurateLongBalls': 5, 'goalAssist': 0, 'accurateOwnHalfPasses': 35, 'totalOwnHalfPasses': 37, 'accurateOppositionHalfPasses': 15, 'totalOppositionHalfPasses': 17, 'aerialLost': 3, 'aerialWon': 1, 'duelLost': 5, 'duelWon': 2, 'challengeLost': 1, 'totalContest': 1, 'totalClearance': 4, 'outfielderBlock': 1, 'interceptionWon': 1, 'ballRecovery': 7, 'errorLeadToAShot': 1, 'unsuccessfulTouch': 2, 'wasFouled': 1, 'minutesPlayed': 90, 'touches': 67, 'rating': 6.5, 'possessionLostCtrl': 8, 'expectedAssists': 0.0097869, 'topSpeed': 29.34, 'kilometersCovered': 9.86, 'numberOfSprints': 11, 'totalBallCarriesDistance': 84.299440143503, 'ballCarriesCount': 12, 'totalProgression': 19.009849468045, 'bestBallCarryProgression': 21.171388279822, 'totalProgressiveBallCarriesDistance': 26.119121348162, 'progressiveBallCarriesCount': 1, 'ratingVersions': {'original': 6.5, 'alternative': 6.4}, 'totalShots': 0, 'passValueNormalized': 0.08, 'dribbleValueNormalized': 0.06, 'defensiveValueNormalized': -0.14, 'metersCoveredRunningKm': 1.13, 'metersCoveredHighSpeedRunningKm': 0.39, 'metersCoveredSprintingKm': 0.11, 'statisticsType': {'sportSlug': 'football', 'statisticsType': 'player'}}"
12813008,France,Spain,2026-07-14T19:00:00+00:00,0-2,941168,William Saliba,D,17,False,True,4-2-3-1,10,10,0,0,0,0,10,10,0,0,0,0,0.00017243,0,0,0,0,0,0,0,0.0,0.0,0,0,0,0,0,2,0,2,0,0,0,0,0,0,0,0,0,0,0,0,0,0,0,0,0,0,0.0,0.0,23.37,2.54,0,0.36,0.1,0.0,9.873418421078,2,1.3976604975932,0.0,0.0,0,10,30,0,6.1,6.1,6.3,0.0,0.0,0.0,-0.18,0.0,"{'totalPass': 10, 'accuratePass': 10, 'goalAssist': 0, 'accurateOwnHalfPasses': 10, 'totalOwnHalfPasses': 10, 'aerialLost': 2, 'duelLost': 2, 'minutesPlayed': 30, 'touches': 10, 'rating': 6.1, 'expectedAssists': 0.00017243, 'topSpeed': 23.37, 'kilometersCovered': 2.54, 'numberOfSprints': 0, 'totalBallCarriesDistance': 9.873418421078, 'ballCarriesCount': 2, 'totalProgression': 1.3976604975932, 'progressiveBallCarriesCount': 0, 'ratingVersions': {'original': 6.1, 'alternative': 6.3}, 'totalShots': 0, 'passValueNormalized': 0, 'dribbleValueNormalized': 0, 'defensiveValueNormalized': -0.18, 'metersCoveredRunningKm': 0.36, 'metersCoveredHighSpeedRunningKm': 0.1, 'metersCoveredSprintingKm': 0, 'statisticsType': {'sportSlug': 'football', 'statisticsType': 'player'}}"
12813008,France,Spain,2026-07-14T19:00:00+00:00,0-2,96538,Lucas Digne,D,3,False,True,4-2-3-1,34,29,0,0,2,0,16,18,13,16,0,0,0.00886403,0,0,0,0,0,0,0,0.0,0.0,1,1,0,3,2,2,0,0,1,0,0,1,0,0,2,0,0,0,0,1,1,0,0,0,0,0,0.0,0.0,29.76,7.5,10,1.0,0.34,0.12,85.740801269012,13,50.555481719389,17.81862919017,22.110312616514,1,53,72,12,5.6,5.6,6.0,0.0,-0.13,0.15,-0.79,0.0,"{'totalPass': 34, 'accuratePass': 29, 'goalAssist': 0, 'accurateOwnHalfPasses': 16, 'totalOwnHalfPasses': 18, 'accurateOppositionHalfPasses': 13, 'totalOppositionHalfPasses': 16, 'totalCross': 2, 'duelLost': 2, 'duelWon': 2, 'challengeLost': 1, 'totalContest': 1, 'wonContest': 1, 'totalClearance': 1, 'ballRecovery': 2, 'unsuccessfulTouch': 3, 'penaltyConceded': 1, 'wasFouled': 1, 'fouls': 1, 'minutesPlayed': 72, 'touches': 53, 'rating': 5.6, 'possessionLostCtrl': 12, 'expectedAssists': 0.00886403, 'topSpeed': 29.76, 'kilometersCovered': 7.5, 'numberOfSprints': 10, 'totalBallCarriesDistance': 85.740801269012, 'ballCarriesCount': 13, 'totalProgression': 50.555481719389, 'bestBallCarryProgression': 17.81862919017, 'totalProgressiveBallCarriesDistance': 22.110312616514, 'progressiveBallCarriesCount': 1, 'ratingVersions': {'original': 5.6, 'alternative': 6}, 'totalShots': 0, 'passValueNormalized': -0.13, 'dribbleValueNormalized': 0.15, 'defensiveValueNormalized': -0.79, 'metersCoveredRunningKm': 1, 'metersCoveredHighSpeedRunningKm': 0.34, 'metersCoveredSprintingKm': 0.12, 'statisticsType': {'sportSlug': 'football', 'statisticsType': 'player'}}"
12813008,France,Spain,2026-07-14T19:00:00+00:00,0-2,859025,Aurélien Tchouaméni,M,8,False,True,4-2-3-1,61,54,2,1,1,0,32,36,22,25,0,0,0.0206402,1,1,0,0,0,0,0,0.0628,0.0,0,0,1,0,6,1,1,0,0,4,2,2,0,1,3,0,0,0,0,0,1,0,0,0,0,0,0.0,0.0,27.99,11.03,5,1.86,0.52,0.06,137.70355186053,18,43.942107707805,0.0,0.0,0,76,90,9,6.8,6.8,7.0,-0.22,-0.03,0.09,-0.13,0.0,"{'totalPass': 61, 'accuratePass': 54, 'totalLongBalls': 2, 'accurateLongBalls': 1, 'goalAssist': 0, 'accurateOwnHalfPasses': 32, 'totalOwnHalfPasses': 36, 'accurateOppositionHalfPasses': 22, 'totalOppositionHalfPasses': 25, 'totalCross': 1, 'aerialWon': 1, 'duelLost': 1, 'duelWon': 6, 'dispossessed': 1, 'shotOffTarget': 1, 'totalClearance': 2, 'interceptionWon': 1, 'ballRecovery': 3, 'totalTackle': 4, 'wonTackle': 2, 'wasFouled': 1, 'minutesPlayed': 90, 'touches': 76, 'rating': 6.8, 'possessionLostCtrl': 9, 'expectedGoals': 0.0628, 'expectedAssists': 0.0206402, 'topSpeed': 27.99, 'kilometersCovered': 11.03, 'numberOfSprints': 5, 'totalBallCarriesDistance': 137.70355186053, 'ballCarriesCount': 18, 'totalProgression': 43.942107707805, 'progressiveBallCarriesCount': 0, 'ratingVersions': {'original': 6.8, 'alternative': 7}, 'totalShots': 1, 'shotValueNormalized': -0.22, 'passValueNormalized': -0.03, 'dribbleValueNormalized': 0.09, 'defensiveValueNormalized': -0.13, 'metersCoveredRunningKm': 1.86, 'metersCoveredHighSpeedRunningKm': 0.52, 'metersCoveredSprintingKm': 0.06, 'statisticsType': {'sportSlug': 'football', 'statisticsType': 'player'}}"
12813008,France,Spain,2026-07-14T19:00:00+00:00,0-2,250737,Adrien Rabiot,M,14,False,True,4-2-3-1,21,14,1,1,0,0,8,10,6,11,0,0,0.00392138,1,1,0,0,0,0,0,0.0123,0.0,0,0,0,1,5,4,2,2,0,3,2,2,0,3,8,0,0,0,0,2,0,1,0,0,0,0,0.0,0.0,28.04,5.21,6,0.76,0.28,0.06,98.502949335612,9,54.923513299439,21.156645929927,48.931427041318,2,33,45,8,6.5,6.5,6.9,-0.05,-0.1,0.16,-0.01,0.0,"{'totalPass': 21, 'accuratePass': 14, 'totalLongBalls': 1, 'accurateLongBalls': 1, 'goalAssist': 0, 'accurateOwnHalfPasses': 8, 'totalOwnHalfPasses': 10, 'accurateOppositionHalfPasses': 6, 'totalOppositionHalfPasses': 11, 'aerialLost': 2, 'aerialWon': 2, 'duelLost': 4, 'duelWon': 5, 'shotOffTarget': 1, 'totalClearance': 2, 'interceptionWon': 3, 'ballRecovery': 8, 'totalTackle': 3, 'wonTackle': 2, 'unsuccessfulTouch': 1, 'fouls': 2, 'totalOffside': 1, 'minutesPlayed': 45, 'touches': 33, 'rating': 6.5, 'possessionLostCtrl': 8, 'expectedGoals': 0.0123, 'expectedAssists': 0.00392138, 'topSpeed': 28.04, 'kilometersCovered': 5.21, 'numberOfSprints': 6, 'totalBallCarriesDistance': 98.502949335612, 'ballCarriesCount': 9, 'totalProgression': 54.923513299439, 'bestBallCarryProgression': 21.156645929927, 'totalProgressiveBallCarriesDistance': 48.931427041318, 'progressiveBallCarriesCount': 2, 'ratingVersions': {'original': 6.5, 'alternative': 6.9}, 'totalShots': 1, 'shotValueNormalized': -0.05, 'passValueNormalized': -0.1, 'dribbleValueNormalized': 0.16, 'defensiveValueNormalized': -0.01, 'metersCoveredRunningKm': 0.76, 'metersCoveredHighSpeedRunningKm': 0.28, 'metersCoveredSprintingKm': 0.06, 'statisticsType': {'sportSlug': 'football', 'statisticsType': 'player'}}"
12813008,France,Spain,2026-07-14T19:00:00+00:00,0-2,818244,Ousmane Dembélé,M,7,False,True,4-2-3-1,30,21,3,2,5,2,7,8,14,22,1,0,0.188219,2,0,2,0,0,0,0,0.0573,0.0564,1,1,1,4,2,1,0,0,0,0,0,0,0,0,2,0,0,0,0,0,1,0,0,0,0,0,0.0,0.0,29.28,10.56,7,1.74,0.73,0.08,93.498472330882,10,62.374323235164,20.736362581027,32.721276994759,2,47,90,17,6.8,6.8,7.2,-0.29,0.33,0.31,-0.14,0.0,"{'totalPass': 30, 'accuratePass': 21, 'totalLongBalls': 3, 'accurateLongBalls': 2, 'goalAssist': 0, 'accurateOwnHalfPasses': 7, 'totalOwnHalfPasses': 8, 'accurateOppositionHalfPasses': 14, 'totalOppositionHalfPasses': 22, 'totalCross': 5, 'accurateCross': 2, 'duelLost': 1, 'duelWon': 2, 'dispossessed': 1, 'totalContest': 1, 'wonContest': 1, 'onTargetScoringAttempt': 2, 'ballRecovery': 2, 'unsuccessfulTouch': 4, 'wasFouled': 1, 'minutesPlayed': 90, 'touches': 47, 'rating': 6.8, 'possessionLostCtrl': 17, 'expectedGoals': 0.0573, 'expectedGoalsOnTarget': 0.0564, 'expectedAssists': 0.188219, 'topSpeed': 29.28, 'kilometersCovered': 10.56, 'numberOfSprints': 7, 'totalBallCarriesDistance': 93.498472330882, 'ballCarriesCount': 10, 'totalProgression': 62.374323235164, 'bestBallCarryProgression': 20.736362581027, 'totalProgressiveBallCarriesDistance': 32.721276994759, 'progressiveBallCarriesCount': 2, 'keyPass': 1, 'ratingVersions': {'original': 6.8, 'alternative': 7.2}, 'totalShots': 2, 'shotValueNormalized': -0.29, 'passValueNormalized': 0.33, 'dribbleValueNormalized': 0.31, 'defensiveValueNormalized': -0.14, 'metersCoveredRunningKm': 1.74, 'metersCoveredHighSpeedRunningKm': 0.73, 'metersCoveredSprintingKm': 0.08, 'statisticsType': {'sportSlug': 'football', 'statisticsType': 'player'}}"
12813008,France,Spain,2026-07-14T19:00:00+00:00,0-2,978838,Michael Olise,M,11,False,True,4-2-3-1,34,26,3,2,4,1,9,10,17,24,2,0,0.0702133,0,0,0,0,0,0,0,0.0,0.0,2,0,2,4,6,6,0,1,0,3,1,0,0,0,3,0,0,0,0,1,3,0,0,0,0,0,0.0,0.0,27.66,8.57,12,1.42,0.51,0.1,98.254551391052,13,59.864435771713,22.976299829266,40.907167422619,2,55,72,20,6.4,6.4,6.6,0.0,0.01,0.05,-0.16,0.0,"{'totalPass': 34, 'accuratePass': 26, 'totalLongBalls': 3, 'accurateLongBalls': 2, 'goalAssist': 0, 'accurateOwnHalfPasses': 9, 'totalOwnHalfPasses': 10, 'accurateOppositionHalfPasses': 17, 'totalOppositionHalfPasses': 24, 'totalCross': 4, 'accurateCross': 1, 'aerialLost': 1, 'duelLost': 6, 'duelWon': 6, 'dispossessed': 2, 'totalContest': 2, 'ballRecovery': 3, 'totalTackle': 3, 'wonTackle': 1, 'unsuccessfulTouch': 4, 'wasFouled': 3, 'fouls': 1, 'minutesPlayed': 72, 'touches': 55, 'rating': 6.4, 'possessionLostCtrl': 20, 'expectedAssists': 0.0702133, 'topSpeed': 27.66, 'kilometersCovered': 8.57, 'numberOfSprints': 12, 'totalBallCarriesDistance': 98.254551391052, 'ballCarriesCount': 13, 'totalProgression': 59.864435771713, 'bestBallCarryProgression': 22.976299829266, 'totalProgressiveBallCarriesDistance': 40.907167422619, 'progressiveBallCarriesCount': 2, 'keyPass': 2, 'ratingVersions': {'original': 6.4, 'alternative': 6.6}, 'totalShots': 0, 'passValueNormalized': 0.01, 'dribbleValueNormalized': 0.05, 'defensiveValueNormalized': -0.16, 'metersCoveredRunningKm': 1.42, 'metersCoveredHighSpeedRunningKm': 0.51, 'metersCoveredSprintingKm': 0.1, 'statisticsType': {'sportSlug': 'football', 'statisticsType': 'player'}}"
12813008,France,Spain,2026-07-14T19:00:00+00:00,0-2,996952,Bradley Barcola,M,12,False,True,4-2-3-1,14,12,0,0,1,0,2,3,10,11,0,0,0.0305606,1,1,0,0,0,0,0,0.0301,0.0,1,1,0,1,1,2,0,2,0,0,0,0,1,0,0,0,0,0,0,0,0,0,0,0,0,0,0.0,0.0,30.88,6.1,11,0.87,0.32,0.13,56.195541426857,7,33.351375030332,14.609811295896,18.634662567377,1,23,57,5,6.4,6.4,6.8,-0.14,0.01,0.05,-0.04,0.0,"{'totalPass': 14, 'accuratePass': 12, 'goalAssist': 0, 'accurateOwnHalfPasses': 2, 'totalOwnHalfPasses': 3, 'accurateOppositionHalfPasses': 10, 'totalOppositionHalfPasses': 11, 'totalCross': 1, 'aerialLost': 2, 'duelLost': 2, 'duelWon': 1, 'totalContest': 1, 'wonContest': 1, 'shotOffTarget': 1, 'outfielderBlock': 1, 'unsuccessfulTouch': 1, 'minutesPlayed': 57, 'touches': 23, 'rating': 6.4, 'possessionLostCtrl': 5, 'expectedGoals': 0.0301, 'expectedAssists': 0.0305606, 'topSpeed': 30.88, 'kilometersCovered': 6.1, 'numberOfSprints': 11, 'totalBallCarriesDistance': 56.195541426857, 'ballCarriesCount': 7, 'totalProgression': 33.351375030332, 'bestBallCarryProgression': 14.609811295896, 'totalProgressiveBallCarriesDistance': 18.634662567377, 'progressiveBallCarriesCount': 1, 'ratingVersions': {'original': 6.4, 'alternative': 6.8}, 'totalShots': 1, 'shotValueNormalized': -0.14, 'passValueNormalized': 0.01, 'dribbleValueNormalized': 0.05, 'defensiveValueNormalized': -0.04, 'metersCoveredRunningKm': 0.87, 'metersCoveredHighSpeedRunningKm': 0.32, 'metersCoveredSprintingKm': 0.13, 'statisticsType': {'sportSlug': 'football', 'statisticsType': 'player'}}"
12813008,France,Spain,2026-07-14T19:00:00+00:00,0-2,826643,Kylian Mbappé,F,10,False,True,4-2-3-1,16,12,1,0,1,0,3,3,9,13,0,0,0.0188679,3,2,0,1,0,0,0,0.0881,0.0,9,4,3,1,5,9,0,0,0,0,0,0,0,0,1,0,0,0,0,1,1,3,0,0,0,0,0.0,0.0,34.74,8.62,15,0.86,0.37,0.26,143.41461801305,13,72.840592362217,23.760228806485,56.986297611215,2,37,90,14,6.3,6.3,6.5,-0.17,-0.07,0.16,-0.02,0.0,"{'totalPass': 16, 'accuratePass': 12, 'totalLongBalls': 1, 'goalAssist': 0, 'accurateOwnHalfPasses': 3, 'totalOwnHalfPasses': 3, 'accurateOppositionHalfPasses': 9, 'totalOppositionHalfPasses': 13, 'totalCross': 1, 'duelLost': 9, 'duelWon': 5, 'dispossessed': 3, 'totalContest': 9, 'wonContest': 4, 'shotOffTarget': 2, 'blockedScoringAttempt': 1, 'ballRecovery': 1, 'unsuccessfulTouch': 1, 'wasFouled': 1, 'fouls': 1, 'totalOffside': 3, 'minutesPlayed': 90, 'touches': 37, 'rating': 6.3, 'possessionLostCtrl': 14, 'expectedGoals': 0.0881, 'expectedAssists': 0.0188679, 'topSpeed': 34.74, 'kilometersCovered': 8.62, 'numberOfSprints': 15, 'totalBallCarriesDistance': 143.41461801305, 'ballCarriesCount': 13, 'totalProgression': 72.840592362217, 'bestBallCarryProgression': 23.760228806485, 'totalProgressiveBallCarriesDistance': 56.986297611215, 'progressiveBallCarriesCount': 2, 'ratingVersions': {'original': 6.3, 'alternative': 6.5}, 'totalShots': 3, 'shotValueNormalized': -0.17, 'passValueNormalized': -0.07, 'dribbleValueNormalized': 0.16, 'defensiveValueNormalized': -0.02, 'metersCoveredRunningKm': 0.86, 'metersCoveredHighSpeedRunningKm': 0.37, 'metersCoveredSprintingKm': 0.26, 'statisticsType': {'sportSlug': 'football', 'statisticsType': 'player'}}"
12813008,France,Spain,2026-07-14T19:00:00+00:00,0-2,879674,Maxence Lacroix,D,26,True,True,4-2-3-1,54,51,4,2,0,0,34,35,17,19,0,0,0.00849254,0,0,0,0,0,0,0,0.0,0.0,1,1,0,0,4,4,3,2,0,0,0,1,0,1,2,0,0,0,0,2,0,0,0,0,0,0,0.0,0.0,30.88,7.16,4,0.89,0.3,0.07,134.39350761638,18,33.244517362406,0.0,0.0,0,57,60,3,6.5,6.5,6.6,0.0,0.1,0.08,-0.22,0.0,"{'totalPass': 54, 'accuratePass': 51, 'totalLongBalls': 4, 'accurateLongBalls': 2, 'goalAssist': 0, 'accurateOwnHalfPasses': 34, 'totalOwnHalfPasses': 35, 'accurateOppositionHalfPasses': 17, 'totalOppositionHalfPasses': 19, 'aerialLost': 2, 'aerialWon': 3, 'duelLost': 4, 'duelWon': 4, 'totalContest': 1, 'wonContest': 1, 'totalClearance': 1, 'interceptionWon': 1, 'ballRecovery': 2, 'fouls': 2, 'minutesPlayed': 60, 'touches': 57, 'rating': 6.5, 'possessionLostCtrl': 3, 'expectedAssists': 0.00849254, 'topSpeed': 30.88, 'kilometersCovered': 7.16, 'numberOfSprints': 4, 'totalBallCarriesDistance': 134.39350761638, 'ballCarriesCount': 18, 'totalProgression': 33.244517362406, 'progressiveBallCarriesCount': 0, 'ratingVersions': {'original': 6.5, 'alternative': 6.6}, 'totalShots': 0, 'passValueNormalized': 0.1, 'dribbleValueNormalized': 0.08, 'defensiveValueNormalized': -0.22, 'metersCoveredRunningKm': 0.89, 'metersCoveredHighSpeedRunningKm': 0.3, 'metersCoveredSprintingKm': 0.07, 'statisticsType': {'sportSlug': 'football', 'statisticsType': 'player'}}"
12813008,France,Spain,2026-07-14T19:00:00+00:00,0-2,974087,Manu Koné,M,6,True,True,4-2-3-1,28,24,1,0,1,0,13,15,11,13,0,0,0.020312,0,0,0,0,0,0,0,0.0,0.0,2,0,1,1,1,6,0,1,0,0,0,0,0,0,4,0,0,0,0,2,1,0,0,0,0,0,0.0,0.0,29.12,5.7,1,1.2,0.16,0.02,80.277798164954,11,44.180391477936,17.391936966449,32.007064841099,2,35,45,9,6.1,6.1,6.1,0.0,-0.06,0.06,-0.09,0.0,"{'totalPass': 28, 'accuratePass': 24, 'totalLongBalls': 1, 'goalAssist': 0, 'accurateOwnHalfPasses': 13, 'totalOwnHalfPasses': 15, 'accurateOppositionHalfPasses': 11, 'totalOppositionHalfPasses': 13, 'totalCross': 1, 'aerialLost': 1, 'duelLost': 6, 'duelWon': 1, 'dispossessed': 1, 'totalContest': 2, 'ballRecovery': 4, 'unsuccessfulTouch': 1, 'wasFouled': 1, 'fouls': 2, 'minutesPlayed': 45, 'touches': 35, 'rating': 6.1, 'possessionLostCtrl': 9, 'expectedAssists': 0.020312, 'topSpeed': 29.12, 'kilometersCovered': 5.7, 'numberOfSprints': 1, 'totalBallCarriesDistance': 80.277798164954, 'ballCarriesCount': 11, 'totalProgression': 44.180391477936, 'bestBallCarryProgression': 17.391936966449, 'totalProgressiveBallCarriesDistance': 32.007064841099, 'progressiveBallCarriesCount': 2, 'ratingVersions': {'original': 6.1, 'alternative': 6.1}, 'totalShots': 0, 'passValueNormalized': -0.06, 'dribbleValueNormalized': 0.06, 'defensiveValueNormalized': -0.09, 'metersCoveredRunningKm': 1.2, 'metersCoveredHighSpeedRunningKm': 0.16, 'metersCoveredSprintingKm': 0.02, 'statisticsType': {'sportSlug': 'football', 'statisticsType': 'player'}}"
12813008,France,Spain,2026-07-14T19:00:00+00:00,0-2,1154605,Désiré Doué,F,20,True,True,4-2-3-1,14,12,2,1,1,0,3,3,9,11,2,0,0.0378462,2,0,1,1,0,0,0,0.0573,0.0142,3,1,1,0,4,3,0,0,0,2,2,0,0,0,1,0,0,0,0,0,1,0,0,0,0,0,0.0,0.0,26.62,4.05,2,0.7,0.21,0.01,58.863397485706,8,39.986485522057,12.86935127411,17.270453641986,1,28,33,6,7.0,7.0,7.1,0.0,0.23,0.04,0.16,0.0,"{'totalPass': 14, 'accuratePass': 12, 'totalLongBalls': 2, 'accurateLongBalls': 1, 'goalAssist': 0, 'accurateOwnHalfPasses': 3, 'totalOwnHalfPasses': 3, 'accurateOppositionHalfPasses': 9, 'totalOppositionHalfPasses': 11, 'totalCross': 1, 'duelLost': 3, 'duelWon': 4, 'dispossessed': 1, 'totalContest': 3, 'wonContest': 1, 'onTargetScoringAttempt': 1, 'blockedScoringAttempt': 1, 'ballRecovery': 1, 'totalTackle': 2, 'wonTackle': 2, 'wasFouled': 1, 'minutesPlayed': 33, 'touches': 28, 'rating': 7, 'possessionLostCtrl': 6, 'expectedGoals': 0.0573, 'expectedGoalsOnTarget': 0.0142, 'expectedAssists': 0.0378462, 'topSpeed': 26.62, 'kilometersCovered': 4.05, 'numberOfSprints': 2, 'totalBallCarriesDistance': 58.863397485706, 'ballCarriesCount': 8, 'totalProgression': 39.986485522057, 'bestBallCarryProgression': 12.86935127411, 'totalProgressiveBallCarriesDistance': 17.270453641986, 'progressiveBallCarriesCount': 1, 'keyPass': 2, 'ratingVersions': {'original': 7, 'alternative': 7.1}, 'totalShots': 2, 'shotValueNormalized': 0, 'passValueNormalized': 0.23, 'dribbleValueNormalized': 0.04, 'defensiveValueNormalized': 0.16, 'metersCoveredRunningKm': 0.7, 'metersCoveredHighSpeedRunningKm': 0.21, 'metersCoveredSprintingKm': 0.01, 'statisticsType': {'sportSlug': 'football', 'statisticsType': 'player'}}"
12813008,France,Spain,2026-07-14T19:00:00+00:00,0-2,788027,Theo Hernández,D,19,True,True,4-2-3-1,14,12,0,0,1,0,5,5,7,9,0,0,0.0148915,0,0,0,0,0,0,0,0.0,0.0,0,0,0,0,1,4,0,4,0,0,0,0,0,1,3,0,0,0,0,0,1,0,0,0,0,0,0.0,0.0,31.58,2.52,5,0.28,0.19,0.09,40.352413926006,7,21.915219032797,0.0,0.0,0,21,18,3,6.5,6.5,6.7,0.0,0.02,0.04,0.15,0.0,"{'totalPass': 14, 'accuratePass': 12, 'goalAssist': 0, 'accurateOwnHalfPasses': 5, 'totalOwnHalfPasses': 5, 'accurateOppositionHalfPasses': 7, 'totalOppositionHalfPasses': 9, 'totalCross': 1, 'aerialLost': 4, 'duelLost': 4, 'duelWon': 1, 'interceptionWon': 1, 'ballRecovery': 3, 'wasFouled': 1, 'minutesPlayed': 18, 'touches': 21, 'rating': 6.5, 'possessionLostCtrl': 3, 'expectedAssists': 0.0148915, 'topSpeed': 31.58, 'kilometersCovered': 2.52, 'numberOfSprints': 5, 'totalBallCarriesDistance': 40.352413926006, 'ballCarriesCount': 7, 'totalProgression': 21.915219032797, 'progressiveBallCarriesCount': 0, 'ratingVersions': {'original': 6.5, 'alternative': 6.7}, 'totalShots': 0, 'passValueNormalized': 0.02, 'dribbleValueNormalized': 0.04, 'defensiveValueNormalized': 0.15, 'metersCoveredRunningKm': 0.28, 'metersCoveredHighSpeedRunningKm': 0.19, 'metersCoveredSprintingKm': 0.09, 'statisticsType': {'sportSlug': 'football', 'statisticsType': 'player'}}"
12813008,France,Spain,2026-07-14T19:00:00+00:00,0-2,979128,Rayan Cherki,M,24,True,True,4-2-3-1,18,13,0,0,0,0,7,7,6,11,1,0,0.390305,0,0,0,0,0,0,0,0.0,0.0,2,2,0,2,2,0,0,0,0,0,0,0,0,0,1,0,0,0,0,0,0,0,0,0,0,0,0.0,0.0,26.67,2.74,3,0.51,0.2,0.02,46.822603572357,7,31.444311100737,11.97072720911,13.660835845584,1,23,18,7,6.9,6.9,7.1,0.0,0.17,0.22,0.0,0.0,"{'totalPass': 18, 'accuratePass': 13, 'goalAssist': 0, 'accurateOwnHalfPasses': 7, 'totalOwnHalfPasses': 7, 'accurateOppositionHalfPasses': 6, 'totalOppositionHalfPasses': 11, 'duelWon': 2, 'totalContest': 2, 'wonContest': 2, 'ballRecovery': 1, 'unsuccessfulTouch': 2, 'minutesPlayed': 18, 'touches': 23, 'rating': 6.9, 'possessionLostCtrl': 7, 'expectedAssists': 0.390305, 'topSpeed': 26.67, 'kilometersCovered': 2.74, 'numberOfSprints': 3, 'totalBallCarriesDistance': 46.822603572357, 'ballCarriesCount': 7, 'totalProgression': 31.444311100737, 'bestBallCarryProgression': 11.97072720911, 'totalProgressiveBallCarriesDistance': 13.660835845584, 'progressiveBallCarriesCount': 1, 'keyPass': 1, 'ratingVersions': {'original': 6.9, 'alternative': 7.1}, 'totalShots': 0, 'passValueNormalized': 0.17, 'dribbleValueNormalized': 0.22, 'defensiveValueNormalized': 0, 'metersCoveredRunningKm': 0.51, 'metersCoveredHighSpeedRunningKm': 0.2, 'metersCoveredSprintingKm': 0.02, 'statisticsType': {'sportSlug': 'football', 'statisticsType': 'player'}}"
12813008,France,Spain,2026-07-14T19:00:00+00:00,0-2,164055,Brice Samba,G,1,True,True,4-2-3-1,0,0,0,0,0,0,0,0,0,0,0,0,0.0,0,0,0,0,0,0,0,0.0,0.0,0,0,0,0,0,0,0,0,0,0,0,0,0,0,0,0,0,0,0,0,0,0,0,0,0,0,0.0,0.0,0.0,0.0,0,0.0,0.0,0.0,0.0,0,0.0,0.0,0.0,0,0,0,0,0.0,0.0,0.0,0.0,0.0,0.0,0.0,0.0,"{'totalShots': 0, 'statisticsType': {'sportSlug': 'football', 'statisticsType': 'player'}}"
12813008,France,Spain,2026-07-14T19:00:00+00:00,0-2,1387161,Robin Risser,G,23,True,True,4-2-3-1,0,0,0,0,0,0,0,0,0,0,0,0,0.0,0,0,0,0,0,0,0,0.0,0.0,0,0,0,0,0,0,0,0,0,0,0,0,0,0,0,0,0,0,0,0,0,0,0,0,0,0,0.0,0.0,0.0,0.0,0,0.0,0.0,0.0,0.0,0,0.0,0.0,0.0,0,0,0,0,0.0,0.0,0.0,0.0,0.0,0.0,0.0,0.0,"{'totalShots': 0, 'statisticsType': {'sportSlug': 'football', 'statisticsType': 'player'}}"
12813008,France,Spain,2026-07-14T19:00:00+00:00,0-2,826215,Ibrahima Konaté,D,15,True,True,4-2-3-1,0,0,0,0,0,0,0,0,0,0,0,0,0.0,0,0,0,0,0,0,0,0.0,0.0,0,0,0,0,0,0,0,0,0,0,0,0,0,0,0,0,0,0,0,0,0,0,0,0,0,0,0.0,0.0,0.0,0.0,0,0.0,0.0,0.0,0.0,0,0.0,0.0,0.0,0,0,0,0,0.0,0.0,0.0,0.0,0.0,0.0,0.0,0.0,"{'totalShots': 0, 'statisticsType': {'sportSlug': 'football', 'statisticsType': 'player'}}"
12813008,France,Spain,2026-07-14T19:00:00+00:00,0-2,352370,Lucas Hernández,D,21,True,True,4-2-3-1,0,0,0,0,0,0,0,0,0,0,0,0,0.0,0,0,0,0,0,0,0,0.0,0.0,0,0,0,0,0,0,0,0,0,0,0,0,0,0,0,0,0,0,0,0,0,0,0,0,0,0,0.0,0.0,0.0,0.0,0,0.0,0.0,0.0,0.0,0,0.0,0.0,0.0,0,0,0,0,0.0,0.0,0.0,0.0,0.0,0.0,0.0,0.0,"{'totalShots': 0, 'statisticsType': {'sportSlug': 'football', 'statisticsType': 'player'}}"
12813008,France,Spain,2026-07-14T19:00:00+00:00,0-2,996958,Malo Gusto,D,2,True,True,4-2-3-1,0,0,0,0,0,0,0,0,0,0,0,0,0.0,0,0,0,0,0,0,0,0.0,0.0,0,0,0,0,0,0,0,0,0,0,0,0,0,0,0,0,0,0,0,0,0,0,0,0,0,0,0.0,0.0,0.0,0.0,0,0.0,0.0,0.0,0.0,0,0.0,0.0,0.0,0,0,0,0,0.0,0.0,0.0,0.0,0.0,0.0,0.0,0.0,"{'totalShots': 0, 'statisticsType': {'sportSlug': 'football', 'statisticsType': 'player'}}"
12813008,France,Spain,2026-07-14T19:00:00+00:00,0-2,1130939,Maghnes Akliouche,M,25,True,True,4-2-3-1,0,0,0,0,0,0,0,0,0,0,0,0,0.0,0,0,0,0,0,0,0,0.0,0.0,0,0,0,0,0,0,0,0,0,0,0,0,0,0,0,0,0,0,0,0,0,0,0,0,0,0,0.0,0.0,0.0,0.0,0,0.0,0.0,0.0,0.0,0,0.0,0.0,0.0,0,0,0,0,0.0,0.0,0.0,0.0,0.0,0.0,0.0,0.0,"{'totalShots': 0, 'statisticsType': {'sportSlug': 'football', 'statisticsType': 'player'}}"
12813008,France,Spain,2026-07-14T19:00:00+00:00,0-2,234148,N'Golo Kanté,M,13,True,True,4-2-3-1,0,0,0,0,0,0,0,0,0,0,0,0,0.0,0,0,0,0,0,0,0,0.0,0.0,0,0,0,0,0,0,0,0,0,0,0,0,0,0,0,0,0,0,0,0,0,0,0,0,0,0,0.0,0.0,0.0,0.0,0,0.0,0.0,0.0,0.0,0,0.0,0.0,0.0,0,0,0,0,0.0,0.0,0.0,0.0,0.0,0.0,0.0,0.0,"{'totalShots': 0, 'statisticsType': {'sportSlug': 'football', 'statisticsType': 'player'}}"
12813008,France,Spain,2026-07-14T19:00:00+00:00,0-2,1142672,Warren Zaïre-Emery,M,18,True,True,4-2-3-1,0,0,0,0,0,0,0,0,0,0,0,0,0.0,0,0,0,0,0,0,0,0.0,0.0,0,0,0,0,0,0,0,0,0,0,0,0,0,0,0,0,0,0,0,0,0,0,0,0,0,0,0.0,0.0,0.0,0.0,0,0.0,0.0,0.0,0.0,0,0.0,0.0,0.0,0,0,0,0,0.0,0.0,0.0,0.0,0.0,0.0,0.0,0.0,"{'totalShots': 0, 'statisticsType': {'sportSlug': 'football', 'statisticsType': 'player'}}"
12813008,France,Spain,2026-07-14T19:00:00+00:00,0-2,848276,Jean-Philippe Mateta,F,22,True,True,4-2-3-1,0,0,0,0,0,0,0,0,0,0,0,0,0.0,0,0,0,0,0,0,0,0.0,0.0,0,0,0,0,0,0,0,0,0,0,0,0,0,0,0,0,0,0,0,0,0,0,0,0,0,0,0.0,0.0,0.0,0.0,0,0.0,0.0,0.0,0.0,0,0.0,0.0,0.0,0,0,0,0,0.0,0.0,0.0,0.0,0.0,0.0,0.0,0.0,"{'totalShots': 0, 'statisticsType': {'sportSlug': 'football', 'statisticsType': 'player'}}"
12813008,France,Spain,2026-07-14T19:00:00+00:00,0-2,791702,Marcus Thuram,F,9,True,True,4-2-3-1,0,0,0,0,0,0,0,0,0,0,0,0,0.0,0,0,0,0,0,0,0,0.0,0.0,0,0,0,0,0,0,0,0,0,0,0,0,0,0,0,0,0,0,0,0,0,0,0,0,0,0,0.0,0.0,0.0,0.0,0,0.0,0.0,0.0,0.0,0,0.0,0.0,0.0,0,0,0,0,0.0,0.0,0.0,0.0,0.0,0.0,0.0,0.0,"{'totalShots': 0, 'statisticsType': {'sportSlug': 'football', 'statisticsType': 'player'}}"
12813008,France,Spain,2026-07-14T19:00:00+00:00,0-2,797291,Unai Simón,G,23,False,False,4-2-3-1,37,19,23,6,0,0,13,24,6,13,0,0,0.0041365,0,0,0,0,0,0,0,0.0,0.0,0,0,0,0,1,0,0,0,0,0,0,3,0,0,10,0,0,0,0,0,1,0,3,2,1,0,0.0707,0.0183,0.0,0.0,0,0.0,0.0,0.0,17.063496581135,4,9.5685123672701,0.0,0.0,0,55,90,19,7.0,7.0,7.4,0.0,0.15,0.0,0.37,0.02,"{'totalPass': 37, 'accuratePass': 19, 'totalLongBalls': 23, 'accurateLongBalls': 6, 'goalAssist': 0, 'accurateOwnHalfPasses': 13, 'totalOwnHalfPasses': 24, 'accurateOppositionHalfPasses': 6, 'totalOppositionHalfPasses': 13, 'duelWon': 1, 'totalClearance': 3, 'ballRecovery': 10, 'wasFouled': 1, 'goodHighClaim': 1, 'savedShotsFromInsideTheBox': 2, 'saves': 3, 'totalKeeperSweeper': 3, 'accurateKeeperSweeper': 3, 'minutesPlayed': 90, 'touches': 55, 'rating': 7, 'possessionLostCtrl': 19, 'expectedAssists': 0.0041365, 'totalBallCarriesDistance': 17.063496581135, 'ballCarriesCount': 4, 'totalProgression': 9.5685123672701, 'progressiveBallCarriesCount': 0, 'keeperSaveValue': 0.0183, 'ratingVersions': {'original': 7, 'alternative': 7.4}, 'totalShots': 0, 'goalsPrevented': 0.0707, 'passValueNormalized': 0.15, 'dribbleValueNormalized': 0, 'defensiveValueNormalized': 0.37, 'goalkeeperValueNormalized': 0.02, 'statisticsType': {'sportSlug': 'football', 'statisticsType': 'player'}}"
12813008,France,Spain,2026-07-14T19:00:00+00:00,0-2,913654,Pedro Porro,D,12,False,False,4-2-3-1,29,23,3,1,0,0,13,16,10,13,0,0,0.0130984,2,1,1,0,1,0,0,0.536,0.6088,0,0,1,0,4,2,2,0,1,2,1,3,0,1,3,0,0,0,0,0,0,0,0,0,0,0,0.0,0.0,31.86,8.35,13,1.0,0.36,0.16,64.914102254742,10,22.850435732473,8.1047640488047,8.5361433914854,1,49,84,8,8.1,8.1,7.6,0.47,0.01,0.33,0.2,0.0,"{'totalPass': 29, 'accuratePass': 23, 'totalLongBalls': 3, 'accurateLongBalls': 1, 'goalAssist': 0, 'accurateOwnHalfPasses': 13, 'totalOwnHalfPasses': 16, 'accurateOppositionHalfPasses': 10, 'totalOppositionHalfPasses': 13, 'aerialWon': 2, 'duelLost': 2, 'duelWon': 4, 'challengeLost': 1, 'dispossessed': 1, 'shotOffTarget': 1, 'onTargetScoringAttempt': 1, 'goals': 1, 'totalClearance': 3, 'interceptionWon': 1, 'ballRecovery': 3, 'totalTackle': 2, 'wonTackle': 1, 'minutesPlayed': 84, 'touches': 49, 'rating': 8.1, 'possessionLostCtrl': 8, 'expectedGoals': 0.536, 'expectedGoalsOnTarget': 0.6088, 'expectedAssists': 0.0130984, 'topSpeed': 31.86, 'kilometersCovered': 8.35, 'numberOfSprints': 13, 'totalBallCarriesDistance': 64.914102254742, 'ballCarriesCount': 10, 'totalProgression': 22.850435732473, 'bestBallCarryProgression': 8.1047640488047, 'totalProgressiveBallCarriesDistance': 8.5361433914854, 'progressiveBallCarriesCount': 1, 'ratingVersions': {'original': 8.1, 'alternative': 7.6}, 'totalShots': 2, 'shotValueNormalized': 0.47, 'passValueNormalized': 0.01, 'dribbleValueNormalized': 0.33, 'defensiveValueNormalized': 0.2, 'metersCoveredRunningKm': 1, 'metersCoveredHighSpeedRunningKm': 0.36, 'metersCoveredSprintingKm': 0.16, 'statisticsType': {'sportSlug': 'football', 'statisticsType': 'player'}}"
12813008,France,Spain,2026-07-14T19:00:00+00:00,0-2,1402913,Pau Cubarsí,D,22,False,False,4-2-3-1,32,29,1,1,0,0,23,24,6,8,0,0,0.00183903,0,0,0,0,0,0,0,0.0,0.0,0,0,0,0,3,1,1,0,1,2,2,4,1,0,2,0,1,0,0,0,0,0,0,0,0,0,0.0,0.0,33.44,9.02,12,0.86,0.32,0.2,154.97842001719,12,107.32445778061,27.683325275623,63.334281888503,2,44,90,4,7.4,7.4,7.4,0.0,0.11,0.07,0.7,0.0,"{'totalPass': 32, 'accuratePass': 29, 'totalLongBalls': 1, 'accurateLongBalls': 1, 'goalAssist': 0, 'accurateOwnHalfPasses': 23, 'totalOwnHalfPasses': 24, 'accurateOppositionHalfPasses': 6, 'totalOppositionHalfPasses': 8, 'aerialWon': 1, 'duelLost': 1, 'duelWon': 3, 'challengeLost': 1, 'totalClearance': 4, 'outfielderBlock': 1, 'ballRecovery': 2, 'lastManTackle': 1, 'totalTackle': 2, 'wonTackle': 2, 'minutesPlayed': 90, 'touches': 44, 'rating': 7.4, 'possessionLostCtrl': 4, 'expectedAssists': 0.00183903, 'topSpeed': 33.44, 'kilometersCovered': 9.02, 'numberOfSprints': 12, 'totalBallCarriesDistance': 154.97842001719, 'ballCarriesCount': 12, 'totalProgression': 107.32445778061, 'bestBallCarryProgression': 27.683325275623, 'totalProgressiveBallCarriesDistance': 63.334281888503, 'progressiveBallCarriesCount': 2, 'ratingVersions': {'original': 7.4, 'alternative': 7.4}, 'totalShots': 0, 'passValueNormalized': 0.11, 'dribbleValueNormalized': 0.07, 'defensiveValueNormalized': 0.7, 'metersCoveredRunningKm': 0.86, 'metersCoveredHighSpeedRunningKm': 0.32, 'metersCoveredSprintingKm': 0.2, 'statisticsType': {'sportSlug': 'football', 'statisticsType': 'player'}}"
12813008,France,Spain,2026-07-14T19:00:00+00:00,0-2,149734,Aymeric Laporte,D,14,False,False,4-2-3-1,76,70,5,2,0,0,51,52,19,24,0,0,0.00790846,0,0,0,0,0,0,0,0.0,0.0,0,0,0,3,2,1,2,1,0,0,0,4,0,2,4,0,0,0,0,0,0,0,0,0,0,0,0.0,0.0,30.86,9.04,7,0.9,0.3,0.11,224.76961889187,27,106.07888932585,0.0,0.0,0,86,90,9,7.2,7.2,7.1,0.0,0.17,0.11,0.23,0.0,"{'totalPass': 76, 'accuratePass': 70, 'totalLongBalls': 5, 'accurateLongBalls': 2, 'goalAssist': 0, 'accurateOwnHalfPasses': 51, 'totalOwnHalfPasses': 52, 'accurateOppositionHalfPasses': 19, 'totalOppositionHalfPasses': 24, 'aerialLost': 1, 'aerialWon': 2, 'duelLost': 1, 'duelWon': 2, 'totalClearance': 4, 'interceptionWon': 2, 'ballRecovery': 4, 'unsuccessfulTouch': 3, 'minutesPlayed': 90, 'touches': 86, 'rating': 7.2, 'possessionLostCtrl': 9, 'expectedAssists': 0.00790846, 'topSpeed': 30.86, 'kilometersCovered': 9.04, 'numberOfSprints': 7, 'totalBallCarriesDistance': 224.76961889187, 'ballCarriesCount': 27, 'totalProgression': 106.07888932585, 'progressiveBallCarriesCount': 0, 'ratingVersions': {'original': 7.2, 'alternative': 7.1}, 'totalShots': 0, 'passValueNormalized': 0.17, 'dribbleValueNormalized': 0.11, 'defensiveValueNormalized': 0.23, 'metersCoveredRunningKm': 0.9, 'metersCoveredHighSpeedRunningKm': 0.3, 'metersCoveredSprintingKm': 0.11, 'statisticsType': {'sportSlug': 'football', 'statisticsType': 'player'}}"
12813008,France,Spain,2026-07-14T19:00:00+00:00,0-2,794939,Marc Cucurella,D,24,False,False,4-2-3-1,38,33,2,0,1,0,17,18,16,20,0,0,0.00461456,0,0,0,0,0,0,0,0.0,0.0,0,0,2,1,4,3,0,0,0,4,3,1,1,1,4,0,1,0,0,1,0,0,0,0,0,0,0.0,0.0,30.07,9.59,9,1.2,0.56,0.11,115.86857898091,17,63.613746711905,18.007989682038,23.618995829628,1,63,90,11,7.1,7.1,7.3,0.0,-0.33,0.07,0.91,0.0,"{'totalPass': 38, 'accuratePass': 33, 'totalLongBalls': 2, 'goalAssist': 0, 'accurateOwnHalfPasses': 17, 'totalOwnHalfPasses': 18, 'accurateOppositionHalfPasses': 16, 'totalOppositionHalfPasses': 20, 'totalCross': 1, 'duelLost': 3, 'duelWon': 4, 'dispossessed': 2, 'totalClearance': 1, 'outfielderBlock': 1, 'interceptionWon': 1, 'ballRecovery': 4, 'lastManTackle': 1, 'totalTackle': 4, 'wonTackle': 3, 'unsuccessfulTouch': 1, 'fouls': 1, 'minutesPlayed': 90, 'touches': 63, 'rating': 7.1, 'possessionLostCtrl': 11, 'expectedAssists': 0.00461456, 'topSpeed': 30.07, 'kilometersCovered': 9.59, 'numberOfSprints': 9, 'totalBallCarriesDistance': 115.86857898091, 'ballCarriesCount': 17, 'totalProgression': 63.613746711905, 'bestBallCarryProgression': 18.007989682038, 'totalProgressiveBallCarriesDistance': 23.618995829628, 'progressiveBallCarriesCount': 1, 'ratingVersions': {'original': 7.1, 'alternative': 7.3}, 'totalShots': 0, 'passValueNormalized': -0.33, 'dribbleValueNormalized': 0.07, 'defensiveValueNormalized': 0.91, 'metersCoveredRunningKm': 1.2, 'metersCoveredHighSpeedRunningKm': 0.56, 'metersCoveredSprintingKm': 0.11, 'statisticsType': {'sportSlug': 'football', 'statisticsType': 'player'}}"
12813008,France,Spain,2026-07-14T19:00:00+00:00,0-2,827606,Rodri,M,16,False,False,4-2-3-1,67,58,6,1,0,0,38,41,20,26,0,0,0.0256195,0,0,0,0,0,0,0,0.0,0.0,0,0,0,1,11,5,4,0,1,4,1,2,0,0,2,0,0,0,0,4,3,0,0,0,0,0,0.0,0.0,30.05,11.74,11,2.0,0.63,0.13,128.89607331196,15,28.595032123098,0.0,0.0,0,82,90,10,7.5,7.5,7.0,0.0,0.06,0.06,0.38,0.0,"{'totalPass': 67, 'accuratePass': 58, 'totalLongBalls': 6, 'accurateLongBalls': 1, 'goalAssist': 0, 'accurateOwnHalfPasses': 38, 'totalOwnHalfPasses': 41, 'accurateOppositionHalfPasses': 20, 'totalOppositionHalfPasses': 26, 'aerialWon': 4, 'duelLost': 5, 'duelWon': 11, 'challengeLost': 1, 'totalClearance': 2, 'ballRecovery': 2, 'totalTackle': 4, 'wonTackle': 1, 'unsuccessfulTouch': 1, 'wasFouled': 3, 'fouls': 4, 'minutesPlayed': 90, 'touches': 82, 'rating': 7.5, 'possessionLostCtrl': 10, 'expectedAssists': 0.0256195, 'topSpeed': 30.05, 'kilometersCovered': 11.74, 'numberOfSprints': 11, 'totalBallCarriesDistance': 128.89607331196, 'ballCarriesCount': 15, 'totalProgression': 28.595032123098, 'progressiveBallCarriesCount': 0, 'ratingVersions': {'original': 7.5, 'alternative': 7}, 'totalShots': 0, 'passValueNormalized': 0.06, 'dribbleValueNormalized': 0.06, 'defensiveValueNormalized': 0.38, 'metersCoveredRunningKm': 2, 'metersCoveredHighSpeedRunningKm': 0.63, 'metersCoveredSprintingKm': 0.13, 'statisticsType': {'sportSlug': 'football', 'statisticsType': 'player'}}"
12813008,France,Spain,2026-07-14T19:00:00+00:00,0-2,784655,Fabián Ruiz,M,8,False,False,4-2-3-1,66,56,8,2,2,1,32,36,24,30,2,0,0.0233059,1,0,0,1,0,0,1,0.1165,0.0,0,0,0,0,5,2,0,0,1,4,2,1,0,2,7,0,0,0,0,1,1,0,0,0,0,0,0.0,0.0,26.84,8.89,1,1.33,0.24,0.02,163.57047425883,22,71.123298258328,0.0,0.0,0,83,78,11,6.9,6.9,6.9,-0.44,-0.03,0.24,0.0,0.0,"{'totalPass': 66, 'accuratePass': 56, 'totalLongBalls': 8, 'accurateLongBalls': 2, 'goalAssist': 0, 'accurateOwnHalfPasses': 32, 'totalOwnHalfPasses': 36, 'accurateOppositionHalfPasses': 24, 'totalOppositionHalfPasses': 30, 'totalCross': 2, 'accurateCross': 1, 'duelLost': 2, 'duelWon': 5, 'challengeLost': 1, 'bigChanceMissed': 1, 'blockedScoringAttempt': 1, 'totalClearance': 1, 'interceptionWon': 2, 'ballRecovery': 7, 'totalTackle': 4, 'wonTackle': 2, 'wasFouled': 1, 'fouls': 1, 'minutesPlayed': 78, 'touches': 83, 'rating': 6.9, 'possessionLostCtrl': 11, 'expectedGoals': 0.1165, 'expectedAssists': 0.0233059, 'topSpeed': 26.84, 'kilometersCovered': 8.89, 'numberOfSprints': 1, 'totalBallCarriesDistance': 163.57047425883, 'ballCarriesCount': 22, 'totalProgression': 71.123298258328, 'progressiveBallCarriesCount': 0, 'keyPass': 2, 'ratingVersions': {'original': 6.9, 'alternative': 6.9}, 'totalShots': 1, 'shotValueNormalized': -0.44, 'passValueNormalized': -0.03, 'dribbleValueNormalized': 0.24, 'defensiveValueNormalized': 0, 'metersCoveredRunningKm': 1.33, 'metersCoveredHighSpeedRunningKm': 0.24, 'metersCoveredSprintingKm': 0.02, 'statisticsType': {'sportSlug': 'football', 'statisticsType': 'player'}}"
12813008,France,Spain,2026-07-14T19:00:00+00:00,0-2,1402912,Lamine Yamal,M,19,False,False,4-2-3-1,29,24,0,0,1,0,6,6,18,23,1,0,0.304472,0,0,0,0,0,1,0,0.0,0.0,2,1,0,8,2,8,0,0,4,0,0,0,0,0,2,0,0,0,0,3,1,2,0,0,0,0,0.0,0.0,34.22,9.38,17,1.24,0.39,0.23,153.65864042821,15,98.126266550675,37.638958369615,52.609361155875,2,45,90,17,6.5,6.5,6.9,0.0,0.03,0.18,-0.32,0.0,"{'totalPass': 29, 'accuratePass': 24, 'goalAssist': 0, 'accurateOwnHalfPasses': 6, 'totalOwnHalfPasses': 6, 'accurateOppositionHalfPasses': 18, 'totalOppositionHalfPasses': 23, 'totalCross': 1, 'duelLost': 8, 'duelWon': 2, 'challengeLost': 4, 'totalContest': 2, 'wonContest': 1, 'bigChanceCreated': 1, 'ballRecovery': 2, 'unsuccessfulTouch': 8, 'wasFouled': 1, 'fouls': 3, 'penaltyWon': 1, 'totalOffside': 2, 'minutesPlayed': 90, 'touches': 45, 'rating': 6.5, 'possessionLostCtrl': 17, 'expectedAssists': 0.304472, 'topSpeed': 34.22, 'kilometersCovered': 9.38, 'numberOfSprints': 17, 'totalBallCarriesDistance': 153.65864042821, 'ballCarriesCount': 15, 'totalProgression': 98.126266550675, 'bestBallCarryProgression': 37.638958369615, 'totalProgressiveBallCarriesDistance': 52.609361155875, 'progressiveBallCarriesCount': 2, 'keyPass': 1, 'ratingVersions': {'original': 6.5, 'alternative': 6.9}, 'totalShots': 0, 'passValueNormalized': 0.03, 'dribbleValueNormalized': 0.18, 'defensiveValueNormalized': -0.32, 'metersCoveredRunningKm': 1.24, 'metersCoveredHighSpeedRunningKm': 0.39, 'metersCoveredSprintingKm': 0.23, 'statisticsType': {'sportSlug': 'football', 'statisticsType': 'player'}}"
12813008,France,Spain,2026-07-14T19:00:00+00:00,0-2,789071,Dani Olmo,M,10,False,False,4-2-3-1,30,29,0,0,0,0,13,13,16,17,2,1,0.0940538,1,1,0,0,0,1,0,0.0144,0.0,2,0,3,1,3,7,0,1,0,1,0,0,0,0,4,0,0,0,0,1,2,0,0,0,0,0,0.0,0.0,28.01,9.11,8,1.71,0.46,0.06,194.89797487626,19,98.364317482183,18.94154221504,61.379797275906,3,45,78,8,6.8,6.8,7.0,-0.11,0.27,0.27,0.0,0.0,"{'totalPass': 30, 'accuratePass': 29, 'goalAssist': 1, 'accurateOwnHalfPasses': 13, 'totalOwnHalfPasses': 13, 'accurateOppositionHalfPasses': 16, 'totalOppositionHalfPasses': 17, 'aerialLost': 1, 'duelLost': 7, 'duelWon': 3, 'dispossessed': 3, 'totalContest': 2, 'bigChanceCreated': 1, 'shotOffTarget': 1, 'ballRecovery': 4, 'totalTackle': 1, 'unsuccessfulTouch': 1, 'wasFouled': 2, 'fouls': 1, 'minutesPlayed': 78, 'touches': 45, 'rating': 6.8, 'possessionLostCtrl': 8, 'expectedGoals': 0.0144, 'expectedAssists': 0.0940538, 'topSpeed': 28.01, 'kilometersCovered': 9.11, 'numberOfSprints': 8, 'totalBallCarriesDistance': 194.89797487626, 'ballCarriesCount': 19, 'totalProgression': 98.364317482183, 'bestBallCarryProgression': 18.94154221504, 'totalProgressiveBallCarriesDistance': 61.379797275906, 'progressiveBallCarriesCount': 3, 'keyPass': 2, 'ratingVersions': {'original': 6.8, 'alternative': 7}, 'totalShots': 1, 'shotValueNormalized': -0.11, 'passValueNormalized': 0.27, 'dribbleValueNormalized': 0.27, 'defensiveValueNormalized': 0, 'metersCoveredRunningKm': 1.71, 'metersCoveredHighSpeedRunningKm': 0.46, 'metersCoveredSprintingKm': 0.06, 'statisticsType': {'sportSlug': 'football', 'statisticsType': 'player'}}"
12813008,France,Spain,2026-07-14T19:00:00+00:00,0-2,910031,Alex Baena,M,15,False,False,4-2-3-1,28,22,2,1,3,0,9,12,13,16,1,0,0.0358743,2,0,0,2,0,0,0,0.0703,0.0,0,0,2,1,3,5,0,1,1,1,1,1,0,0,6,0,0,0,0,1,2,2,0,0,0,0,0.0,0.0,30.13,9.2,11,1.38,0.51,0.12,91.34866706559,11,17.492390709567,10.272324836726,14.897921465762,1,43,84,12,6.7,6.7,6.6,-0.03,0.09,0.11,-0.03,0.0,"{'totalPass': 28, 'accuratePass': 22, 'totalLongBalls': 2, 'accurateLongBalls': 1, 'goalAssist': 0, 'accurateOwnHalfPasses': 9, 'totalOwnHalfPasses': 12, 'accurateOppositionHalfPasses': 13, 'totalOppositionHalfPasses': 16, 'totalCross': 3, 'aerialLost': 1, 'duelLost': 5, 'duelWon': 3, 'challengeLost': 1, 'dispossessed': 2, 'blockedScoringAttempt': 2, 'totalClearance': 1, 'ballRecovery': 6, 'totalTackle': 1, 'wonTackle': 1, 'unsuccessfulTouch': 1, 'wasFouled': 2, 'fouls': 1, 'totalOffside': 2, 'minutesPlayed': 84, 'touches': 43, 'rating': 6.7, 'possessionLostCtrl': 12, 'expectedGoals': 0.0703, 'expectedAssists': 0.0358743, 'topSpeed': 30.13, 'kilometersCovered': 9.2, 'numberOfSprints': 11, 'totalBallCarriesDistance': 91.34866706559, 'ballCarriesCount': 11, 'totalProgression': 17.492390709567, 'bestBallCarryProgression': 10.272324836726, 'totalProgressiveBallCarriesDistance': 14.897921465762, 'progressiveBallCarriesCount': 1, 'keyPass': 1, 'ratingVersions': {'original': 6.7, 'alternative': 6.6}, 'totalShots': 2, 'shotValueNormalized': -0.03, 'passValueNormalized': 0.09, 'dribbleValueNormalized': 0.11, 'defensiveValueNormalized': -0.03, 'metersCoveredRunningKm': 1.38, 'metersCoveredHighSpeedRunningKm': 0.51, 'metersCoveredSprintingKm': 0.12, 'statisticsType': {'sportSlug': 'football', 'statisticsType': 'player'}}"
12813008,France,Spain,2026-07-14T19:00:00+00:00,0-2,823622,Mikel Oyarzabal,F,21,False,False,4-2-3-1,24,22,0,0,0,0,14,15,8,9,0,0,0.00239028,2,1,1,0,1,0,0,0.8087,0.9631,1,1,1,0,3,4,1,2,1,0,0,1,0,0,2,0,0,0,0,0,1,0,0,0,0,0,0.0,0.0,31.82,8.26,12,1.29,0.45,0.17,66.877840330041,7,-11.730857018727,0.0,0.0,0,31,74,3,7.0,7.0,7.1,0.31,-0.11,-0.4,0.13,0.0,"{'totalPass': 24, 'accuratePass': 22, 'goalAssist': 0, 'accurateOwnHalfPasses': 14, 'totalOwnHalfPasses': 15, 'accurateOppositionHalfPasses': 8, 'totalOppositionHalfPasses': 9, 'aerialLost': 2, 'aerialWon': 1, 'duelLost': 4, 'duelWon': 3, 'challengeLost': 1, 'dispossessed': 1, 'totalContest': 1, 'wonContest': 1, 'shotOffTarget': 1, 'onTargetScoringAttempt': 1, 'goals': 1, 'totalClearance': 1, 'ballRecovery': 2, 'wasFouled': 1, 'minutesPlayed': 74, 'touches': 31, 'rating': 7, 'possessionLostCtrl': 3, 'expectedGoals': 0.8087, 'expectedGoalsOnTarget': 0.9631, 'expectedAssists': 0.00239028, 'topSpeed': 31.82, 'kilometersCovered': 8.26, 'numberOfSprints': 12, 'totalBallCarriesDistance': 66.877840330041, 'ballCarriesCount': 7, 'totalProgression': -11.730857018727, 'progressiveBallCarriesCount': 0, 'ratingVersions': {'original': 7, 'alternative': 7.1}, 'totalShots': 2, 'shotValueNormalized': 0.31, 'passValueNormalized': -0.11, 'dribbleValueNormalized': -0.4, 'defensiveValueNormalized': 0.13, 'metersCoveredRunningKm': 1.29, 'metersCoveredHighSpeedRunningKm': 0.45, 'metersCoveredSprintingKm': 0.17, 'statisticsType': {'sportSlug': 'football', 'statisticsType': 'player'}}"
12813008,France,Spain,2026-07-14T19:00:00+00:00,0-2,855833,Ferran Torres,F,7,True,False,4-2-3-1,6,5,0,0,0,0,1,1,4,5,1,0,0.00262166,1,1,0,0,0,0,0,0.0622,0.0,0,0,0,0,2,1,2,0,0,0,0,0,0,0,0,0,0,0,0,1,0,1,0,0,0,0,0.0,0.0,29.76,2.42,4,0.36,0.09,0.04,12.602550376809,1,-11.84951737199,0.0,0.0,0,9,16,1,6.5,6.5,6.8,-0.45,0.03,-0.41,0.13,0.0,"{'totalPass': 6, 'accuratePass': 5, 'goalAssist': 0, 'accurateOwnHalfPasses': 1, 'totalOwnHalfPasses': 1, 'accurateOppositionHalfPasses': 4, 'totalOppositionHalfPasses': 5, 'aerialWon': 2, 'duelLost': 1, 'duelWon': 2, 'shotOffTarget': 1, 'fouls': 1, 'totalOffside': 1, 'minutesPlayed': 16, 'touches': 9, 'rating': 6.5, 'possessionLostCtrl': 1, 'expectedGoals': 0.0622, 'expectedAssists': 0.00262166, 'topSpeed': 29.76, 'kilometersCovered': 2.42, 'numberOfSprints': 4, 'totalBallCarriesDistance': 12.602550376809, 'ballCarriesCount': 1, 'totalProgression': -11.84951737199, 'progressiveBallCarriesCount': 0, 'keyPass': 1, 'ratingVersions': {'original': 6.5, 'alternative': 6.8}, 'totalShots': 1, 'shotValueNormalized': -0.45, 'passValueNormalized': 0.03, 'dribbleValueNormalized': -0.41, 'defensiveValueNormalized': 0.13, 'metersCoveredRunningKm': 0.36, 'metersCoveredHighSpeedRunningKm': 0.09, 'metersCoveredSprintingKm': 0.04, 'statisticsType': {'sportSlug': 'football', 'statisticsType': 'player'}}"
12813008,France,Spain,2026-07-14T19:00:00+00:00,0-2,592010,Mikel Merino,M,6,True,False,4-2-3-1,10,9,0,0,0,0,2,2,7,8,0,0,0.00853623,0,0,0,0,0,0,0,0.0,0.0,0,0,0,2,6,3,5,3,0,1,1,1,0,0,1,0,0,0,0,0,0,0,0,0,0,0,0.0,0.0,24.92,2.39,0,0.4,0.1,0.0,20.176511984332,2,17.524490030627,0.0,0.0,0,15,12,3,6.9,6.9,6.9,0.0,0.04,0.02,0.16,0.0,"{'totalPass': 10, 'accuratePass': 9, 'goalAssist': 0, 'accurateOwnHalfPasses': 2, 'totalOwnHalfPasses': 2, 'accurateOppositionHalfPasses': 7, 'totalOppositionHalfPasses': 8, 'aerialLost': 3, 'aerialWon': 5, 'duelLost': 3, 'duelWon': 6, 'totalClearance': 1, 'ballRecovery': 1, 'totalTackle': 1, 'wonTackle': 1, 'unsuccessfulTouch': 2, 'minutesPlayed': 12, 'touches': 15, 'rating': 6.9, 'possessionLostCtrl': 3, 'expectedAssists': 0.00853623, 'topSpeed': 24.92, 'kilometersCovered': 2.39, 'numberOfSprints': 0, 'totalBallCarriesDistance': 20.176511984332, 'ballCarriesCount': 2, 'totalProgression': 17.524490030627, 'progressiveBallCarriesCount': 0, 'ratingVersions': {'original': 6.9, 'alternative': 6.9}, 'totalShots': 0, 'passValueNormalized': 0.04, 'dribbleValueNormalized': 0.02, 'defensiveValueNormalized': 0.16, 'metersCoveredRunningKm': 0.4, 'metersCoveredHighSpeedRunningKm': 0.1, 'metersCoveredSprintingKm': 0, 'statisticsType': {'sportSlug': 'football', 'statisticsType': 'player'}}"
12813008,France,Spain,2026-07-14T19:00:00+00:00,0-2,992587,Pedri,M,20,True,False,4-2-3-1,19,17,1,0,0,0,7,8,10,11,0,0,0.00774108,0,0,0,0,0,0,0,0.0,0.0,0,0,1,0,1,2,0,0,1,1,1,0,0,1,1,0,0,0,0,0,0,0,0,0,0,0,0.0,0.0,27.45,2.37,8,0.42,0.2,0.05,64.942104637663,5,27.991473211714,15.970509867766,24.248130340296,1,25,12,3,6.5,6.5,6.7,0.0,-0.17,0.15,-0.05,0.0,"{'totalPass': 19, 'accuratePass': 17, 'totalLongBalls': 1, 'goalAssist': 0, 'accurateOwnHalfPasses': 7, 'totalOwnHalfPasses': 8, 'accurateOppositionHalfPasses': 10, 'totalOppositionHalfPasses': 11, 'duelLost': 2, 'duelWon': 1, 'challengeLost': 1, 'dispossessed': 1, 'interceptionWon': 1, 'ballRecovery': 1, 'totalTackle': 1, 'wonTackle': 1, 'minutesPlayed': 12, 'touches': 25, 'rating': 6.5, 'possessionLostCtrl': 3, 'expectedAssists': 0.00774108, 'topSpeed': 27.45, 'kilometersCovered': 2.37, 'numberOfSprints': 8, 'totalBallCarriesDistance': 64.942104637663, 'ballCarriesCount': 5, 'totalProgression': 27.991473211714, 'bestBallCarryProgression': 15.970509867766, 'totalProgressiveBallCarriesDistance': 24.248130340296, 'progressiveBallCarriesCount': 1, 'ratingVersions': {'original': 6.5, 'alternative': 6.7}, 'totalShots': 0, 'passValueNormalized': -0.17, 'dribbleValueNormalized': 0.15, 'defensiveValueNormalized': -0.05, 'metersCoveredRunningKm': 0.42, 'metersCoveredHighSpeedRunningKm': 0.2, 'metersCoveredSprintingKm': 0.05, 'statisticsType': {'sportSlug': 'football', 'statisticsType': 'player'}}"
12813008,France,Spain,2026-07-14T19:00:00+00:00,0-2,353138,Marcos Llorente,M,5,True,False,4-2-3-1,7,7,0,0,0,0,6,6,1,1,0,0,0.00049867,0,0,0,0,0,0,0,0.0,0.0,0,0,0,0,1,0,0,0,0,1,1,1,0,0,0,0,0,0,0,0,0,0,0,0,0,0,0.0,0.0,23.56,1.38,0,0.18,0.08,0.0,6.4089297086173,2,-5.4603994518529,0.0,0.0,0,10,13,0,6.7,6.7,6.7,0.0,0.01,-0.02,0.14,0.0,"{'totalPass': 7, 'accuratePass': 7, 'goalAssist': 0, 'accurateOwnHalfPasses': 6, 'totalOwnHalfPasses': 6, 'accurateOppositionHalfPasses': 1, 'totalOppositionHalfPasses': 1, 'duelWon': 1, 'totalClearance': 1, 'totalTackle': 1, 'wonTackle': 1, 'minutesPlayed': 13, 'touches': 10, 'rating': 6.7, 'expectedAssists': 0.00049867, 'topSpeed': 23.56, 'kilometersCovered': 1.38, 'numberOfSprints': 0, 'totalBallCarriesDistance': 6.4089297086173, 'ballCarriesCount': 2, 'totalProgression': -5.4603994518529, 'progressiveBallCarriesCount': 0, 'ratingVersions': {'original': 6.7, 'alternative': 6.7}, 'totalShots': 0, 'passValueNormalized': 0.01, 'dribbleValueNormalized': -0.02, 'defensiveValueNormalized': 0.14, 'metersCoveredRunningKm': 0.18, 'metersCoveredHighSpeedRunningKm': 0.08, 'metersCoveredSprintingKm': 0, 'statisticsType': {'sportSlug': 'football', 'statisticsType': 'player'}}"
12813008,France,Spain,2026-07-14T19:00:00+00:00,0-2,1085400,Nico Williams,F,17,True,False,4-2-3-1,4,4,0,0,0,0,2,2,2,2,0,0,0.00063864,1,1,0,0,0,0,0,0.0263,0.0,0,0,0,0,1,0,0,0,0,1,1,0,0,0,2,0,0,0,0,0,0,0,0,0,0,0,0.0,0.0,29.42,1.55,3,0.23,0.13,0.04,44.01250369329,3,18.698638497879,23.113789302815,27.496945284886,1,8,13,0,6.6,6.6,6.8,-0.29,-0.01,0.12,0.14,0.0,"{'totalPass': 4, 'accuratePass': 4, 'goalAssist': 0, 'accurateOwnHalfPasses': 2, 'totalOwnHalfPasses': 2, 'accurateOppositionHalfPasses': 2, 'totalOppositionHalfPasses': 2, 'duelWon': 1, 'shotOffTarget': 1, 'ballRecovery': 2, 'totalTackle': 1, 'wonTackle': 1, 'minutesPlayed': 13, 'touches': 8, 'rating': 6.6, 'expectedGoals': 0.0263, 'expectedAssists': 0.00063864, 'topSpeed': 29.42, 'kilometersCovered': 1.55, 'numberOfSprints': 3, 'totalBallCarriesDistance': 44.01250369329, 'ballCarriesCount': 3, 'totalProgression': 18.698638497879, 'bestBallCarryProgression': 23.113789302815, 'totalProgressiveBallCarriesDistance': 27.496945284886, 'progressiveBallCarriesCount': 1, 'ratingVersions': {'original': 6.6, 'alternative': 6.8}, 'totalShots': 1, 'shotValueNormalized': -0.29, 'passValueNormalized': -0.01, 'dribbleValueNormalized': 0.12, 'defensiveValueNormalized': 0.14, 'metersCoveredRunningKm': 0.23, 'metersCoveredHighSpeedRunningKm': 0.13, 'metersCoveredSprintingKm': 0.04, 'statisticsType': {'sportSlug': 'football', 'statisticsType': 'player'}}"
12813008,France,Spain,2026-07-14T19:00:00+00:00,0-2,581310,David Raya,G,1,True,False,4-2-3-1,0,0,0,0,0,0,0,0,0,0,0,0,0.0,0,0,0,0,0,0,0,0.0,0.0,0,0,0,0,0,0,0,0,0,0,0,0,0,0,0,0,0,0,0,0,0,0,0,0,0,0,0.0,0.0,0.0,0.0,0,0.0,0.0,0.0,0.0,0,0.0,0.0,0.0,0,0,0,0,0.0,0.0,0.0,0.0,0.0,0.0,0.0,0.0,"{'totalShots': 0, 'statisticsType': {'sportSlug': 'football', 'statisticsType': 'player'}}"
12813008,France,Spain,2026-07-14T19:00:00+00:00,0-2,930267,Joan García,G,13,True,False,4-2-3-1,0,0,0,0,0,0,0,0,0,0,0,0,0.0,0,0,0,0,0,0,0,0.0,0.0,0,0,0,0,0,0,0,0,0,0,0,0,0,0,0,0,0,0,0,0,0,0,0,0,0,0,0.0,0.0,0.0,0.0,0,0.0,0.0,0.0,0.0,0,0.0,0.0,0.0,0,0,0,0,0.0,0.0,0.0,0.0,0.0,0.0,0.0,0.0,"{'totalShots': 0, 'statisticsType': {'sportSlug': 'football', 'statisticsType': 'player'}}"
12813008,France,Spain,2026-07-14T19:00:00+00:00,0-2,1094106,Marc Pubill,D,2,True,False,4-2-3-1,0,0,0,0,0,0,0,0,0,0,0,0,0.0,0,0,0,0,0,0,0,0.0,0.0,0,0,0,0,0,0,0,0,0,0,0,0,0,0,0,0,0,0,0,0,0,0,0,0,0,0,0.0,0.0,0.0,0.0,0,0.0,0.0,0.0,0.0,0,0.0,0.0,0.0,0,0,0,0,0.0,0.0,0.0,0.0,0.0,0.0,0.0,0.0,"{'totalShots': 0, 'statisticsType': {'sportSlug': 'football', 'statisticsType': 'player'}}"
12813008,France,Spain,2026-07-14T19:00:00+00:00,0-2,876214,Eric García,D,4,True,False,4-2-3-1,0,0,0,0,0,0,0,0,0,0,0,0,0.0,0,0,0,0,0,0,0,0.0,0.0,0,0,0,0,0,0,0,0,0,0,0,0,0,0,0,0,0,0,0,0,0,0,0,0,0,0,0.0,0.0,0.0,0.0,0,0.0,0.0,0.0,0.0,0,0.0,0.0,0.0,0,0,0,0,0.0,0.0,0.0,0.0,0.0,0.0,0.0,0.0,"{'totalShots': 0, 'statisticsType': {'sportSlug': 'football', 'statisticsType': 'player'}}"
12813008,France,Spain,2026-07-14T19:00:00+00:00,0-2,177177,Alejandro Grimaldo,D,3,True,False,4-2-3-1,0,0,0,0,0,0,0,0,0,0,0,0,0.0,0,0,0,0,0,0,0,0.0,0.0,0,0,0,0,0,0,0,0,0,0,0,0,0,0,0,0,0,0,0,0,0,0,0,0,0,0,0.0,0.0,0.0,0.0,0,0.0,0.0,0.0,0.0,0,0.0,0.0,0.0,0,0,0,0,0.0,0.0,0.0,0.0,0.0,0.0,0.0,0.0,"{'totalShots': 0, 'statisticsType': {'sportSlug': 'football', 'statisticsType': 'player'}}"
12813008,France,Spain,2026-07-14T19:00:00+00:00,0-2,966837,Martín Zubimendi,M,18,True,False,4-2-3-1,0,0,0,0,0,0,0,0,0,0,0,0,0.0,0,0,0,0,0,0,0,0.0,0.0,0,0,0,0,0,0,0,0,0,0,0,0,0,0,0,0,0,0,0,0,0,0,0,0,0,0,0.0,0.0,0.0,0.0,0,0.0,0.0,0.0,0.0,0,0.0,0.0,0.0,0,0,0,0,0.0,0.0,0.0,0.0,0.0,0.0,0.0,0.0,"{'totalShots': 0, 'statisticsType': {'sportSlug': 'football', 'statisticsType': 'player'}}"
12813008,France,Spain,2026-07-14T19:00:00+00:00,0-2,1103693,Pablo Gavi,M,9,True,False,4-2-3-1,0,0,0,0,0,0,0,0,0,0,0,0,0.0,0,0,0,0,0,0,0,0.0,0.0,0,0,0,0,0,0,0,0,0,0,0,0,0,0,0,0,0,0,0,0,0,0,0,0,0,0,0.0,0.0,0.0,0.0,0,0.0,0.0,0.0,0.0,0,0.0,0.0,0.0,0,0,0,0,0.0,0.0,0.0,0.0,0.0,0.0,0.0,0.0,"{'totalShots': 0, 'statisticsType': {'sportSlug': 'football', 'statisticsType': 'player'}}"
12813008,France,Spain,2026-07-14T19:00:00+00:00,0-2,785989,Borja Iglesias,F,26,True,False,4-2-3-1,0,0,0,0,0,0,0,0,0,0,0,0,0.0,0,0,0,0,0,0,0,0.0,0.0,0,0,0,0,0,0,0,0,0,0,0,0,0,0,0,0,0,0,0,0,0,0,0,0,0,0,0.0,0.0,0.0,0.0,0,0.0,0.0,0.0,0.0,0,0.0,0.0,0.0,0,0,0,0,0.0,0.0,0.0,0.0,0.0,0.0,0.0,0.0,"{'totalShots': 0, 'statisticsType': {'sportSlug': 'football', 'statisticsType': 'player'}}"
12813008,France,Spain,2026-07-14T19:00:00+00:00,0-2,1145642,Víctor Muñoz,F,25,True,False,4-2-3-1,0,0,0,0,0,0,0,0,0,0,0,0,0.0,0,0,0,0,0,0,0,0.0,0.0,0,0,0,0,0,0,0,0,0,0,0,0,0,0,0,0,0,0,0,0,0,0,0,0,0,0,0.0,0.0,0.0,0.0,0,0.0,0.0,0.0,0.0,0,0.0,0.0,0.0,0,0,0,0,0.0,0.0,0.0,0.0,0.0,0.0,0.0,0.0,"{'totalShots': 0, 'statisticsType': {'sportSlug': 'football', 'statisticsType': 'player'}}"
12813008,France,Spain,2026-07-14T19:00:00+00:00,0-2,984624,Yéremy Pino,M,11,True,False,4-2-3-1,0,0,0,0,0,0,0,0,0,0,0,0,0.0,0,0,0,0,0,0,0,0.0,0.0,0,0,0,0,0,0,0,0,0,0,0,0,0,0,0,0,0,0,0,0,0,0,0,0,0,0,0.0,0.0,0.0,0.0,0,0.0,0.0,0.0,0.0,0,0.0,0.0,0.0,0,0,0,0,0.0,0.0,0.0,0.0,0.0,0.0,0.0,0.0,"{'totalShots': 0, 'statisticsType': {'sportSlug': 'football', 'statisticsType': 'player'}}"
